# Tapstone shrine voice clips (0033). Generated by `shrine-preview clips`; do not edit.
# Source: shrine_render::voice::Voice::text(), expanded against set 1, the default house rules
# and progression's generated item table (game/items/set1).
# 280 clips, 8601 characters; ESTIMATE at 14 chars/s: 614 s of speech, ~6.8 MB ADPCM, ~27.1 MB 16-bit.
key	kind	variant	text
invite	clip	invite	set your castle on the stone
cast_or_charge.cinder-whelp	clip	cast_or_charge	Cinder Whelp: cast, or tap again to charge
cast_or_charge.ashen-vanguard	clip	cast_or_charge	Ashen Vanguard: cast, or tap again to charge
cast_or_charge.hearth-warden	clip	cast_or_charge	Hearth Warden: cast, or tap again to charge
cast_or_charge.flare	clip	cast_or_charge	Flare: cast, or tap again to charge
cast_or_charge.reef-archer	clip	cast_or_charge	Reef Archer: cast, or tap again to charge
cast_or_charge.tidecaller	clip	cast_or_charge	Tidecaller: cast, or tap again to charge
cast_or_charge.pearl-shieldbearer	clip	cast_or_charge	Pearl Shieldbearer: cast, or tap again to charge
cast_or_charge.tidal-lash	clip	cast_or_charge	Tidal Lash: cast, or tap again to charge
cast_or_charge.undertow	clip	cast_or_charge	Undertow: cast, or tap again to charge
cast_or_charge.deep-breath	clip	cast_or_charge	Deep Breath: cast, or tap again to charge
cast_or_charge.mend	clip	cast_or_charge	Mend: cast, or tap again to charge
cast_or_charge.riptide	clip	cast_or_charge	Riptide: cast, or tap again to charge
cast_or_charge.forge-runner	clip	cast_or_charge	Forge Runner: cast, or tap again to charge
cast_or_charge.bellows-raider	clip	cast_or_charge	Bellows Raider: cast, or tap again to charge
cast_or_charge.slag-brute	clip	cast_or_charge	Slag Brute: cast, or tap again to charge
cast_or_charge.magma-burst	clip	cast_or_charge	Magma Burst: cast, or tap again to charge
cast_or_charge.brine-skimmer	clip	cast_or_charge	Brine Skimmer: cast, or tap again to charge
cast_or_charge.trench-leviathan	clip	cast_or_charge	Trench Leviathan: cast, or tap again to charge
lane.cinder-whelp	clip	lane	Cinder Whelp > lane  fewest of yours in 5s
lane.ashen-vanguard	clip	lane	Ashen Vanguard > lane  fewest of yours in 5s
lane.hearth-warden	clip	lane	Hearth Warden > lane  fewest of yours in 5s
lane.reef-archer	clip	lane	Reef Archer > lane  fewest of yours in 5s
lane.tidecaller	clip	lane	Tidecaller > lane  fewest of yours in 5s
lane.pearl-shieldbearer	clip	lane	Pearl Shieldbearer > lane  fewest of yours in 5s
lane.forge-runner	clip	lane	Forge Runner > lane  fewest of yours in 5s
lane.bellows-raider	clip	lane	Bellows Raider > lane  fewest of yours in 5s
lane.slag-brute	clip	lane	Slag Brute > lane  fewest of yours in 5s
lane.brine-skimmer	clip	lane	Brine Skimmer > lane  fewest of yours in 5s
lane.trench-leviathan	clip	lane	Trench Leviathan > lane  fewest of yours in 5s
target.flare	clip	target	Flare > target  default: nearest 5s
target.tidal-lash	clip	target	Tidal Lash > target  default: nearest 5s
target.undertow	clip	target	Undertow > target  default: nearest 5s
target.mend	clip	target	Mend > target  default: nearest 5s
target.riptide	clip	target	Riptide > target  default: nearest 5s
target.magma-burst	clip	target	Magma Burst > target  default: nearest 5s
refused.notyourturn	clip	refused	refused: not your turn
refused.notinhand	clip	refused	refused: that card is not in your hand
refused.nomana-need-1-have-0	clip	refused	refused: needs 1 mana, you have 0
refused.nomana-need-2-have-0	clip	refused	refused: needs 2 mana, you have 0
refused.nomana-need-2-have-1	clip	refused	refused: needs 2 mana, you have 1
refused.nomana-need-3-have-0	clip	refused	refused: needs 3 mana, you have 0
refused.nomana-need-3-have-1	clip	refused	refused: needs 3 mana, you have 1
refused.nomana-need-3-have-2	clip	refused	refused: needs 3 mana, you have 2
refused.nomana-need-4-have-0	clip	refused	refused: needs 4 mana, you have 0
refused.nomana-need-4-have-1	clip	refused	refused: needs 4 mana, you have 1
refused.nomana-need-4-have-2	clip	refused	refused: needs 4 mana, you have 2
refused.nomana-need-4-have-3	clip	refused	refused: needs 4 mana, you have 3
refused.celloccupied	clip	refused	refused: that cell is taken
refused.alreadychargedthisround	clip	refused	refused: you already charged this round
refused.alreadyadvancedlane	clip	refused	refused: that lane already advanced
refused.badtarget	clip	refused	refused: not a legal target
refused.unknowncard	clip	refused	refused: this shrine does not know that card
refused.gameover	clip	refused	refused: the match is over
refused.laneoutofrange	clip	refused	refused: no such lane
refused.notplaying	clip	refused	refused: the match has not started
refused.seattaken	clip	refused	refused: that seat is taken
refused.mulliganclosed	clip	refused	refused: the mulligan has closed
refused.lobbyclosed	clip	refused	refused: the lobby has closed
refused.drawowed	clip	refused	refused: draw first - tap the card
refused.nodrawowed	clip	refused	refused: no draw is owed
refused.notindeck	clip	refused	refused: that card is not in your deck
return.in-1	clip	return	your commander returns next round
return.in-2	clip	return	your commander returns in 2 rounds
return.thisturn	clip	return	your commander returns this turn
return.blocked	clip	return	your commander waits - its back cell is taken
returned	clip	returned	your commander is back on the field
castle_at.ember-castle.1	clip	castle_at	the Ember Castle is at 1
castle_at.ember-castle.2	clip	castle_at	the Ember Castle is at 2
castle_at.ember-castle.3	clip	castle_at	the Ember Castle is at 3
castle_at.ember-castle.4	clip	castle_at	the Ember Castle is at 4
castle_at.ember-castle.5	clip	castle_at	the Ember Castle is at 5
castle_at.ember-castle.6	clip	castle_at	the Ember Castle is at 6
castle_at.ember-castle.7	clip	castle_at	the Ember Castle is at 7
castle_at.ember-castle.8	clip	castle_at	the Ember Castle is at 8
castle_at.ember-castle.9	clip	castle_at	the Ember Castle is at 9
castle_at.ember-castle.10	clip	castle_at	the Ember Castle is at 10
castle_at.ember-castle.11	clip	castle_at	the Ember Castle is at 11
castle_at.ember-castle.12	clip	castle_at	the Ember Castle is at 12
castle_at.ember-castle.13	clip	castle_at	the Ember Castle is at 13
castle_at.ember-castle.14	clip	castle_at	the Ember Castle is at 14
castle_at.ember-castle.15	clip	castle_at	the Ember Castle is at 15
castle_at.ember-castle.16	clip	castle_at	the Ember Castle is at 16
castle_at.ember-castle.17	clip	castle_at	the Ember Castle is at 17
castle_at.ember-castle.18	clip	castle_at	the Ember Castle is at 18
castle_at.ember-castle.19	clip	castle_at	the Ember Castle is at 19
castle_at.ember-castle.20	clip	castle_at	the Ember Castle is at 20
castle_at.tide-castle.1	clip	castle_at	the Tide Castle is at 1
castle_at.tide-castle.2	clip	castle_at	the Tide Castle is at 2
castle_at.tide-castle.3	clip	castle_at	the Tide Castle is at 3
castle_at.tide-castle.4	clip	castle_at	the Tide Castle is at 4
castle_at.tide-castle.5	clip	castle_at	the Tide Castle is at 5
castle_at.tide-castle.6	clip	castle_at	the Tide Castle is at 6
castle_at.tide-castle.7	clip	castle_at	the Tide Castle is at 7
castle_at.tide-castle.8	clip	castle_at	the Tide Castle is at 8
castle_at.tide-castle.9	clip	castle_at	the Tide Castle is at 9
castle_at.tide-castle.10	clip	castle_at	the Tide Castle is at 10
castle_at.tide-castle.11	clip	castle_at	the Tide Castle is at 11
castle_at.tide-castle.12	clip	castle_at	the Tide Castle is at 12
castle_at.tide-castle.13	clip	castle_at	the Tide Castle is at 13
castle_at.tide-castle.14	clip	castle_at	the Tide Castle is at 14
castle_at.tide-castle.15	clip	castle_at	the Tide Castle is at 15
castle_at.tide-castle.16	clip	castle_at	the Tide Castle is at 16
castle_at.tide-castle.17	clip	castle_at	the Tide Castle is at 17
castle_at.tide-castle.18	clip	castle_at	the Tide Castle is at 18
castle_at.tide-castle.19	clip	castle_at	the Tide Castle is at 19
castle_at.tide-castle.20	clip	castle_at	the Tide Castle is at 20
loadout	clip	loadout	touch an item to equip - last loadout 5s
equipped.ember-sabre.weapon	clip	equipped	Ember Sabre worn as weapon
equipped.tide-trident.weapon	clip	equipped	Tide Trident worn as weapon
equipped.hearthguard-plate.armour	clip	equipped	Hearthguard Plate worn as armour
equipped.driftcloak.armour	clip	equipped	Driftcloak worn as armour
equipped.ash-locket.trinket	clip	equipped	Ash Locket worn as trinket
equipped.pearl-charm.trinket	clip	equipped	Pearl Charm worn as trinket
second_keyword	clip	second_keyword	refused: one keyword per commander
too_low.ash-locket.7	clip	too_low	refused: Ash Locket needs level 7
too_low.pearl-charm.7	clip	too_low	refused: Pearl Charm needs level 7
loot.ember-sabre	clip	loot	loot: Ember Sabre
loot.tide-trident	clip	loot	loot: Tide Trident
loot.hearthguard-plate	clip	loot	loot: Hearthguard Plate
loot.driftcloak	clip	loot	loot: Driftcloak
loot.ash-locket	clip	loot	loot: Ash Locket
loot.pearl-charm	clip	loot	loot: Pearl Charm
melted.ember-sabre	clip	melted	Ember Sabre: no room - melts into 1 XP
melted.tide-trident	clip	melted	Tide Trident: no room - melts into 1 XP
melted.hearthguard-plate	clip	melted	Hearthguard Plate: no room - melts into 1 XP
melted.driftcloak	clip	melted	Driftcloak: no room - melts into 1 XP
melted.ash-locket	clip	melted	Ash Locket: no room - melts into 1 XP
melted.pearl-charm	clip	melted	Pearl Charm: no room - melts into 1 XP
level_up.2	clip	level_up	level 2
level_up.3	clip	level_up	level 3 - new look
level_up.4	clip	level_up	level 4
level_up.5	clip	level_up	level 5 - new look
level_up.6	clip	level_up	level 6
level_up.7	clip	level_up	level 7 - 3rd slot
level_up.8	clip	level_up	level 8
level_up.9	clip	level_up	level 9
level_up.10	clip	level_up	level 10 - new look
lobby	clip	lobby	tap your castle to return to the lobby
dark.arenagone	clip	dark	the arena is dark - the match waits
dark.dormant	clip	dark	the shrine sleeps - tap a card to wake it
dark.batterylow-pct-20	clip	dark	battery 20%
dark.batterylow-pct-10	clip	dark	battery 10%
dark.batterylow-pct-5	clip	dark	battery 5% - the shrine will sleep soon
listening	clip	listening	listening - release to answer
heard	streamed	heard	heard "<words>" - not an answer here
silent	silent	silent	
draw.opening.5	clip	draw	opening hand: draw 5 - tap each on the stone
draw.opening.6	clip	draw	opening hand: draw 6 - tap each on the stone
draw.mulligan.5	clip	draw	mulligan: draw 5 - tap each on the stone
draw.mulligan.7	clip	draw	mulligan: draw 7 - tap each on the stone
draw.turnstart.1	clip	draw	draw 1 - tap it on the stone
draw.spell.deep-breath.2	clip	draw	Deep Breath: draw 2 - tap on the stone
drew.cinder-whelp.0	clip	drew	drew Cinder Whelp
drew.cinder-whelp.1	clip	drew	drew Cinder Whelp - 1 more to draw
drew.cinder-whelp.2	clip	drew	drew Cinder Whelp - 2 more to draw
drew.cinder-whelp.3	clip	drew	drew Cinder Whelp - 3 more to draw
drew.cinder-whelp.4	clip	drew	drew Cinder Whelp - 4 more to draw
drew.cinder-whelp.5	clip	drew	drew Cinder Whelp - 5 more to draw
drew.cinder-whelp.6	clip	drew	drew Cinder Whelp - 6 more to draw
drew.ashen-vanguard.0	clip	drew	drew Ashen Vanguard
drew.ashen-vanguard.1	clip	drew	drew Ashen Vanguard - 1 more to draw
drew.ashen-vanguard.2	clip	drew	drew Ashen Vanguard - 2 more to draw
drew.ashen-vanguard.3	clip	drew	drew Ashen Vanguard - 3 more to draw
drew.ashen-vanguard.4	clip	drew	drew Ashen Vanguard - 4 more to draw
drew.ashen-vanguard.5	clip	drew	drew Ashen Vanguard - 5 more to draw
drew.ashen-vanguard.6	clip	drew	drew Ashen Vanguard - 6 more to draw
drew.hearth-warden.0	clip	drew	drew Hearth Warden
drew.hearth-warden.1	clip	drew	drew Hearth Warden - 1 more to draw
drew.hearth-warden.2	clip	drew	drew Hearth Warden - 2 more to draw
drew.hearth-warden.3	clip	drew	drew Hearth Warden - 3 more to draw
drew.hearth-warden.4	clip	drew	drew Hearth Warden - 4 more to draw
drew.hearth-warden.5	clip	drew	drew Hearth Warden - 5 more to draw
drew.hearth-warden.6	clip	drew	drew Hearth Warden - 6 more to draw
drew.flare.0	clip	drew	drew Flare
drew.flare.1	clip	drew	drew Flare - 1 more to draw
drew.flare.2	clip	drew	drew Flare - 2 more to draw
drew.flare.3	clip	drew	drew Flare - 3 more to draw
drew.flare.4	clip	drew	drew Flare - 4 more to draw
drew.flare.5	clip	drew	drew Flare - 5 more to draw
drew.flare.6	clip	drew	drew Flare - 6 more to draw
drew.reef-archer.0	clip	drew	drew Reef Archer
drew.reef-archer.1	clip	drew	drew Reef Archer - 1 more to draw
drew.reef-archer.2	clip	drew	drew Reef Archer - 2 more to draw
drew.reef-archer.3	clip	drew	drew Reef Archer - 3 more to draw
drew.reef-archer.4	clip	drew	drew Reef Archer - 4 more to draw
drew.reef-archer.5	clip	drew	drew Reef Archer - 5 more to draw
drew.reef-archer.6	clip	drew	drew Reef Archer - 6 more to draw
drew.tidecaller.0	clip	drew	drew Tidecaller
drew.tidecaller.1	clip	drew	drew Tidecaller - 1 more to draw
drew.tidecaller.2	clip	drew	drew Tidecaller - 2 more to draw
drew.tidecaller.3	clip	drew	drew Tidecaller - 3 more to draw
drew.tidecaller.4	clip	drew	drew Tidecaller - 4 more to draw
drew.tidecaller.5	clip	drew	drew Tidecaller - 5 more to draw
drew.tidecaller.6	clip	drew	drew Tidecaller - 6 more to draw
drew.pearl-shieldbearer.0	clip	drew	drew Pearl Shieldbearer
drew.pearl-shieldbearer.1	clip	drew	drew Pearl Shieldbearer - 1 more to draw
drew.pearl-shieldbearer.2	clip	drew	drew Pearl Shieldbearer - 2 more to draw
drew.pearl-shieldbearer.3	clip	drew	drew Pearl Shieldbearer - 3 more to draw
drew.pearl-shieldbearer.4	clip	drew	drew Pearl Shieldbearer - 4 more to draw
drew.pearl-shieldbearer.5	clip	drew	drew Pearl Shieldbearer - 5 more to draw
drew.pearl-shieldbearer.6	clip	drew	drew Pearl Shieldbearer - 6 more to draw
drew.tidal-lash.0	clip	drew	drew Tidal Lash
drew.tidal-lash.1	clip	drew	drew Tidal Lash - 1 more to draw
drew.tidal-lash.2	clip	drew	drew Tidal Lash - 2 more to draw
drew.tidal-lash.3	clip	drew	drew Tidal Lash - 3 more to draw
drew.tidal-lash.4	clip	drew	drew Tidal Lash - 4 more to draw
drew.tidal-lash.5	clip	drew	drew Tidal Lash - 5 more to draw
drew.tidal-lash.6	clip	drew	drew Tidal Lash - 6 more to draw
drew.undertow.0	clip	drew	drew Undertow
drew.undertow.1	clip	drew	drew Undertow - 1 more to draw
drew.undertow.2	clip	drew	drew Undertow - 2 more to draw
drew.undertow.3	clip	drew	drew Undertow - 3 more to draw
drew.undertow.4	clip	drew	drew Undertow - 4 more to draw
drew.undertow.5	clip	drew	drew Undertow - 5 more to draw
drew.undertow.6	clip	drew	drew Undertow - 6 more to draw
drew.deep-breath.0	clip	drew	drew Deep Breath
drew.deep-breath.1	clip	drew	drew Deep Breath - 1 more to draw
drew.deep-breath.2	clip	drew	drew Deep Breath - 2 more to draw
drew.deep-breath.3	clip	drew	drew Deep Breath - 3 more to draw
drew.deep-breath.4	clip	drew	drew Deep Breath - 4 more to draw
drew.deep-breath.5	clip	drew	drew Deep Breath - 5 more to draw
drew.deep-breath.6	clip	drew	drew Deep Breath - 6 more to draw
drew.mend.0	clip	drew	drew Mend
drew.mend.1	clip	drew	drew Mend - 1 more to draw
drew.mend.2	clip	drew	drew Mend - 2 more to draw
drew.mend.3	clip	drew	drew Mend - 3 more to draw
drew.mend.4	clip	drew	drew Mend - 4 more to draw
drew.mend.5	clip	drew	drew Mend - 5 more to draw
drew.mend.6	clip	drew	drew Mend - 6 more to draw
drew.riptide.0	clip	drew	drew Riptide
drew.riptide.1	clip	drew	drew Riptide - 1 more to draw
drew.riptide.2	clip	drew	drew Riptide - 2 more to draw
drew.riptide.3	clip	drew	drew Riptide - 3 more to draw
drew.riptide.4	clip	drew	drew Riptide - 4 more to draw
drew.riptide.5	clip	drew	drew Riptide - 5 more to draw
drew.riptide.6	clip	drew	drew Riptide - 6 more to draw
drew.forge-runner.0	clip	drew	drew Forge Runner
drew.forge-runner.1	clip	drew	drew Forge Runner - 1 more to draw
drew.forge-runner.2	clip	drew	drew Forge Runner - 2 more to draw
drew.forge-runner.3	clip	drew	drew Forge Runner - 3 more to draw
drew.forge-runner.4	clip	drew	drew Forge Runner - 4 more to draw
drew.forge-runner.5	clip	drew	drew Forge Runner - 5 more to draw
drew.forge-runner.6	clip	drew	drew Forge Runner - 6 more to draw
drew.bellows-raider.0	clip	drew	drew Bellows Raider
drew.bellows-raider.1	clip	drew	drew Bellows Raider - 1 more to draw
drew.bellows-raider.2	clip	drew	drew Bellows Raider - 2 more to draw
drew.bellows-raider.3	clip	drew	drew Bellows Raider - 3 more to draw
drew.bellows-raider.4	clip	drew	drew Bellows Raider - 4 more to draw
drew.bellows-raider.5	clip	drew	drew Bellows Raider - 5 more to draw
drew.bellows-raider.6	clip	drew	drew Bellows Raider - 6 more to draw
drew.slag-brute.0	clip	drew	drew Slag Brute
drew.slag-brute.1	clip	drew	drew Slag Brute - 1 more to draw
drew.slag-brute.2	clip	drew	drew Slag Brute - 2 more to draw
drew.slag-brute.3	clip	drew	drew Slag Brute - 3 more to draw
drew.slag-brute.4	clip	drew	drew Slag Brute - 4 more to draw
drew.slag-brute.5	clip	drew	drew Slag Brute - 5 more to draw
drew.slag-brute.6	clip	drew	drew Slag Brute - 6 more to draw
drew.magma-burst.0	clip	drew	drew Magma Burst
drew.magma-burst.1	clip	drew	drew Magma Burst - 1 more to draw
drew.magma-burst.2	clip	drew	drew Magma Burst - 2 more to draw
drew.magma-burst.3	clip	drew	drew Magma Burst - 3 more to draw
drew.magma-burst.4	clip	drew	drew Magma Burst - 4 more to draw
drew.magma-burst.5	clip	drew	drew Magma Burst - 5 more to draw
drew.magma-burst.6	clip	drew	drew Magma Burst - 6 more to draw
drew.brine-skimmer.0	clip	drew	drew Brine Skimmer
drew.brine-skimmer.1	clip	drew	drew Brine Skimmer - 1 more to draw
drew.brine-skimmer.2	clip	drew	drew Brine Skimmer - 2 more to draw
drew.brine-skimmer.3	clip	drew	drew Brine Skimmer - 3 more to draw
drew.brine-skimmer.4	clip	drew	drew Brine Skimmer - 4 more to draw
drew.brine-skimmer.5	clip	drew	drew Brine Skimmer - 5 more to draw
drew.brine-skimmer.6	clip	drew	drew Brine Skimmer - 6 more to draw
drew.trench-leviathan.0	clip	drew	drew Trench Leviathan
drew.trench-leviathan.1	clip	drew	drew Trench Leviathan - 1 more to draw
drew.trench-leviathan.2	clip	drew	drew Trench Leviathan - 2 more to draw
drew.trench-leviathan.3	clip	drew	drew Trench Leviathan - 3 more to draw
drew.trench-leviathan.4	clip	drew	drew Trench Leviathan - 4 more to draw
drew.trench-leviathan.5	clip	drew	drew Trench Leviathan - 5 more to draw
drew.trench-leviathan.6	clip	drew	drew Trench Leviathan - 6 more to draw
mulligan_offer	clip	mulligan_offer	keep: play a card. mulligan: castle twice
mulligan_prompt	clip	mulligan_prompt	pass - tap the castle again to mulligan 3s
deck_empty	clip	deck_empty	your deck is empty - nothing to draw
